MAE,MSE,RMSE,R2,Accuracy
5.185991721906159,76.50258029302658,7.953842223241051,0.888586323677413,80.68421052631581
