Actual,Predictions
7.0,7.0294266
50.0,50.497875
9.0,9.476967
83.0,84.0974
96.0,95.64041
94.0,91.05015
89.0,86.941
41.0,38.366344
28.5,88.07332
47.0,43.00138
64.5,63.480446
85.5,78.77173
39.0,97.459274
87.5,90.86473
52.5,50.479965
31.0,33.69925
70.0,66.81415
32.5,79.38784
98.5,92.85617
