Actual,Predictions
74.5,57.555958
88.5,86.7021
60.0,66.024956
91.0,66.719536
4.5,3.8938332
81.5,79.718445
62.0,68.425705
1.0,2.968933
85.5,66.76249
54.5,52.39578
36.0,35.141685
28.5,50.207977
86.0,86.60771
95.0,69.541756
12.0,10.629906
23.5,25.359858
15.0,16.398067
24.5,26.74712
96.0,90.17581
