Actual,Predictions
37.0,39.25685
59.5,71.50606
86.0,85.52474
14.0,13.541973
90.0,72.29396
34.5,34.23181
11.0,9.174423
92.5,84.50931
28.5,56.89331
5.0,4.031605
35.5,55.234234
69.5,73.437744
83.5,87.04578
48.0,47.108093
46.0,57.34271
86.5,84.49581
7.5,6.167877
8.5,7.7112083
66.5,73.27693
