Actual,Predictions
13.0,11.825062
57.0,57.49354
59.5,79.76108
8.5,7.554409
47.0,40.62241
45.5,42.958588
50.5,47.365337
97.0,94.057846
72.0,64.99311
35.0,40.960667
40.0,39.095154
82.5,76.80542
77.0,75.17981
42.5,38.570236
71.0,66.767075
56.0,58.820374
60.0,62.25157
31.0,31.866705
36.0,32.23269
