Actual,Predictions
92.5,88.3463
9.0,9.783138
24.0,22.971838
98.0,92.474434
59.5,74.482025
67.5,86.989944
47.0,39.90236
33.0,43.55885
82.5,72.083374
87.0,91.711685
40.5,35.700016
35.0,36.813522
39.5,33.195015
83.0,83.29346
32.0,31.845602
74.5,61.732742
58.5,64.24913
36.5,37.010185
5.0,5.6005363
