Actual,Predictions
27.0,25.932072
51.5,46.899384
66.5,66.21045
89.0,78.13836
48.0,43.873425
1.0,1.9803619
86.5,83.31264
46.0,48.42149
24.5,26.33591
39.0,93.00667
24.0,22.271364
6.0,6.1535416
65.5,65.49973
25.5,26.35432
9.5,9.135857
10.0,8.895187
58.0,54.30604
41.0,39.786304
57.5,55.909283
