Actual,Predictions
61.5,36.543713
12.0,10.418854
46.0,50.417164
56.0,61.286743
75.0,88.29353
77.0,82.278625
34.0,32.538025
34.5,33.083405
76.0,88.803314
41.5,40.389496
39.5,43.23312
43.0,47.026268
50.0,55.714535
93.0,94.17924
42.5,41.163307
66.5,77.625916
79.0,93.37033
53.0,56.476727
46.5,48.177925
