Actual,Predictions
66.0,73.31981
4.0,2.8869133
99.0,95.56851
1.5,1.4734077
63.5,66.962906
91.0,93.72273
10.0,8.104115
23.5,23.38614
54.0,43.101315
35.5,45.106274
76.5,78.49637
26.0,25.869186
41.5,39.591755
87.5,94.522514
62.0,68.61844
30.0,31.537344
37.0,40.737396
88.0,78.80369
86.0,89.91058
