Actual,Predictions
42.0,67.49925
2.5,3.6289673
44.5,48.905716
65.0,69.86671
94.0,90.897934
64.5,84.109665
57.0,54.610252
51.5,53.586193
82.0,85.06729
35.5,63.897522
89.0,86.41152
81.5,84.19385
38.5,41.62294
27.0,25.473421
55.0,51.335766
29.5,31.07627
41.0,39.243416
66.0,78.298744
88.5,95.1456
