Actual,Predictions
33.0,38.14103
56.0,57.73932
81.0,54.203693
85.5,72.33841
83.0,75.90886
1.5,3.3349648
76.0,71.18005
48.0,45.393517
11.0,10.187767
60.0,61.780514
34.0,32.19211
16.0,16.590828
74.0,64.0594
92.0,94.03755
70.5,71.99403
41.5,40.124783
65.5,65.92886
26.0,24.14483
44.5,43.89544
