Actual,Predictions
8.5,7.232815
52.0,52.842823
4.0,2.1559525
89.5,82.76768
5.5,5.139538
85.0,84.607635
1.0,0.18722916
68.0,69.582794
11.0,8.280838
34.0,33.327507
34.5,32.896744
67.5,79.82167
73.5,75.82658
42.0,42.417305
38.5,40.785072
31.5,30.15901
64.5,81.19821
83.5,90.53235
29.5,29.28038
