Actual,Predictions
86.0,85.98784
94.0,91.521164
58.5,59.608856
90.5,85.85768
42.0,47.73475
0.5,1.5012627
86.5,83.76554
56.5,54.4902
60.0,60.223
99.5,91.942726
38.5,37.72413
90.0,87.68963
84.0,83.73914
77.5,87.08722
34.0,31.470806
65.5,72.172424
55.5,57.33484
46.0,48.858418
50.0,52.41427
