Actual,Predictions
62.5,66.22008
20.5,20.846718
86.0,90.7009
61.0,45.388847
100.0,84.44725
65.0,62.84627
99.0,91.85651
96.5,87.91101
8.5,6.6702805
41.0,37.73551
88.5,84.755104
73.0,62.74715
56.5,50.355644
6.0,4.553131
41.5,38.78863
70.0,65.58508
97.5,89.648964
31.0,35.7449
10.5,7.7797585
