Actual,Predictions
64.0,63.747566
58.5,51.08825
82.5,73.23736
59.0,64.10118
81.0,67.12974
53.0,55.955044
61.5,35.573814
75.0,71.79204
24.0,24.438492
66.5,65.2322
15.0,15.535645
30.0,27.99375
90.5,77.679214
68.5,70.16636
38.5,43.16872
74.5,66.04543
20.000000000000004,21.030834
48.0,47.27091
62.0,62.314117
