Actual,Predictions
80.5,83.436424
45.0,47.81069
49.0,51.426575
73.0,74.8586
93.0,86.7914
57.0,57.928677
63.5,77.77972
97.5,86.05083
91.0,82.400826
55.5,66.991554
9.0,9.533363
23.5,27.110283
52.5,65.84563
80.0,80.84503
2.0,2.8846397
96.5,85.886505
7.5,8.24979
76.0,78.58512
66.5,80.38939
