Actual,Predictions
81.0,56.425976
81.5,82.06276
32.5,25.94943
75.0,65.98306
40.5,37.08057
0.5,3.7939453
44.5,50.122314
11.5,11.345905
28.5,17.481106
65.0,69.19241
50.0,54.80671
2.0,3.5368614
97.0,84.928375
38.5,41.94608
84.0,84.87071
72.5,71.31007
48.5,49.863087
2.5,3.993637
45.0,44.187504
