Actual,Predictions
76.0,77.85401
71.0,69.84317
58.5,62.510437
98.5,95.071785
98.0,93.37288
36.0,35.90012
94.0,94.32708
63.5,69.333626
44.5,44.049095
82.0,88.29443
10.5,10.3983345
65.5,72.50183
74.5,75.36147
47.0,44.157257
37.5,36.32316
95.0,84.83165
78.0,77.70972
86.0,92.64111
47.5,47.527683
