Actual,Predictions
68.5,76.41795
56.0,57.644035
74.5,67.77919
32.5,33.29509
47.0,38.170593
76.0,78.59826
77.0,72.30192
38.0,35.43132
37.0,39.027897
8.5,8.603302
55.5,55.801983
5.0,5.6854477
6.5,7.5653877
58.0,54.11799
97.5,90.50543
99.5,90.4871
99.0,86.67641
63.5,69.75046
96.5,91.66412
