Actual,Predictions
89.5,73.83361
14.0,16.544998
54.0,53.643944
43.5,45.455498
79.5,79.31669
31.5,29.260998
57.5,60.31704
77.0,72.79735
87.0,93.17592
61.0,50.486008
76.5,83.90282
94.5,87.94186
34.0,37.011818
36.5,38.72841
99.5,91.63683
92.5,83.739456
29.5,30.578209
40.5,37.161835
15.0,18.259083
