Actual,Predictions
41.0,36.718582
54.0,49.930267
3.5,3.276123
26.5,27.034807
20.0,19.675045
36.0,33.863174
72.0,61.89351
37.0,38.373672
39.5,34.96929
60.5,53.6493
90.5,84.852554
55.0,50.29837
96.5,87.31297
50.5,48.707382
73.0,62.447605
46.0,47.2017
75.0,71.4656
46.5,46.01638
65.0,60.918186
