Actual,Predictions
67.0,73.19211
97.0,90.19058
8.0,8.266994
80.5,83.210495
10.0,8.156342
39.5,37.99785
36.0,31.090624
12.5,12.3606415
88.5,84.64484
26.0,24.017181
91.0,82.373314
96.5,92.02435
51.5,54.46454
98.0,90.03177
39.0,45.117374
13.0,15.562172
69.0,64.95755
3.5,3.7307205
69.5,65.42066
