Actual,Predictions
55.5,58.817173
9.0,6.7679634
31.5,29.428902
15.0,18.658958
44.5,48.421295
88.0,77.85117
38.5,42.67412
87.0,91.346756
43.0,47.325478
7.0,8.326641
84.5,77.97482
64.0,61.818504
97.0,91.96747
76.0,80.45811
53.5,53.19875
4.0,6.670067
50.5,49.44106
82.5,71.53995
25.0,24.113308
