Actual,Predictions
83.0,84.1882
62.0,60.000645
60.5,61.578205
85.5,79.143974
18.0,20.941792
32.5,39.88428
82.0,83.01728
88.0,81.21555
56.5,56.10383
50.0,53.87527
47.5,50.5222
42.5,40.753967
30.5,30.968863
57.5,61.09133
25.5,28.376965
82.5,69.402756
90.0,73.09506
31.0,30.489473
79.0,88.15459
