Actual,Predictions
76.5,84.64055
25.5,27.2854
12.5,11.02766
79.0,91.75823
97.5,93.318344
94.5,90.601715
7.0,5.7179604
100.0,88.06137
86.0,87.6615
28.5,56.45189
20.5,21.264503
24.0,23.807575
84.5,75.9989
58.5,66.28926
83.0,88.01448
44.0,47.310474
38.5,40.178505
32.0,31.590036
14.0,13.310299
