Actual,Predictions
35.5,38.746098
32.5,54.96505
75.0,79.72223
94.0,89.67531
45.5,44.429
67.0,79.01642
75.5,81.80754
7.0,8.014172
92.5,82.9845
87.5,84.33261
60.5,61.59008
31.5,31.871017
30.5,30.015804
41.5,39.19687
64.5,58.23568
84.5,75.10356
2.0,3.0012321
85.0,82.38018
61.5,71.18367
