Actual,Predictions
92.5,86.12137
79.5,85.00962
52.5,49.10607
37.5,38.821686
87.5,89.89267
38.0,34.998325
45.0,47.711403
6.0,7.0233574
46.0,53.704754
10.5,9.668076
28.5,43.25199
69.5,77.62555
41.5,40.506287
18.0,21.658798
66.5,76.58979
98.5,90.357346
9.5,9.461128
87.0,89.977715
83.0,84.38902
