Actual,Predictions
37.5,37.83501
59.0,60.09526
61.5,38.003487
81.0,81.24828
25.0,26.033838
20.5,22.784142
87.0,87.61713
84.5,87.516266
20.999999999999996,23.255695
72.0,69.201004
55.0,51.016663
11.5,11.803715
55.5,57.397533
23.5,26.082619
52.0,50.292908
78.5,88.71716
80.5,93.26492
7.0,6.5250893
75.5,90.84746
