Actual,Predictions
88.5,91.51392
37.0,40.089676
25.0,24.58576
82.5,74.54361
10.0,9.102951
29.0,31.108086
72.5,79.09856
46.5,47.753407
73.5,72.06491
58.0,55.996056
92.0,94.79228
29.5,33.146034
24.500000000000004,28.5873
41.0,39.679615
2.5,3.0051804
67.0,78.06854
53.5,51.80836
97.0,94.12723
12.0,10.780617
