Actual,Predictions
44.0,42.794167
85.0,83.33656
75.0,79.73755
40.0,41.453022
67.0,64.800446
63.0,50.97251
41.5,40.647095
43.0,42.739933
75.5,91.55255
93.0,95.36249
82.5,73.479
18.0,19.437107
52.5,50.86653
36.5,38.30675
59.0,63.182648
72.5,76.236916
93.5,89.54846
53.0,56.52352
90.0,83.33696
