Actual,Predictions
73.0,73.77356
84.0,84.75198
40.5,36.106255
51.5,49.34127
45.5,42.905327
60.5,66.39471
87.0,62.867138
50.0,49.55584
12.5,12.38047
20.0,19.07769
30.0,26.504568
28.5,44.1281
55.5,54.68926
82.0,78.18913
14.0,14.694553
44.0,41.855427
94.0,91.59445
97.0,92.87338
4.0,4.949692
