Actual,Predictions
48.5,52.552116
25.000000000000004,21.21128
4.5,1.8514099
92.5,82.594025
39.5,28.93297
34.5,28.61719
75.5,81.59151
20.0,15.919979
43.0,46.24527
87.0,76.59442
61.0,49.189495
47.0,35.60692
97.0,79.57734
81.5,79.77687
40.5,29.327183
0.5,0.74811935
44.0,37.536034
78.0,80.57974
57.0,58.173546
