Actual,Predictions
73.0,71.22185
39.5,39.405514
60.0,55.3957
62.5,75.45333
94.5,75.59448
44.5,50.912323
43.5,47.61884
95.0,75.932205
92.0,74.84418
58.5,75.05405
54.0,90.209656
71.5,76.074585
61.5,72.003296
42.5,45.30075
85.0,34.865395
77.0,76.96778
23.5,34.86656
96.5,74.925
59.5,64.911514
