Actual,Predictions
5.5,4.8572006
14.0,17.552979
72.0,65.052704
57.0,54.375507
85.0,82.109085
71.5,66.97991
64.5,71.498634
3.0,4.402569
44.5,48.91875
98.5,85.743546
70.0,64.09592
72.5,72.164764
60.0,59.91885
90.0,72.22121
24.5,26.820852
40.5,35.169334
77.0,73.39845
81.0,73.61023
28.5,52.9229
