Actual,Predictions
68.5,82.02674
28.5,44.6225
88.5,78.80631
27.0,24.380886
29.0,26.388578
90.5,80.8151
75.0,81.79054
51.5,56.67965
78.0,83.8307
84.5,82.808075
47.5,49.27495
65.0,70.241936
63.5,77.34611
7.5,5.978138
72.0,75.0282
94.0,83.36783
82.5,77.96505
96.0,83.57188
43.5,45.714363
