Actual,Predictions
84.0,86.70099
4.5,3.3117676
26.5,26.018044
96.0,91.56384
83.0,82.92587
35.0,38.778652
34.0,32.939335
29.0,28.816088
67.0,73.13962
52.5,48.469963
47.0,42.123222
81.5,80.058784
11.0,10.217152
25.5,26.451506
49.0,48.200558
36.5,40.025963
83.5,85.56964
54.0,94.399086
97.0,90.52891
