Actual,Predictions
24.5,27.364635
42.0,42.187458
49.0,47.809727
85.5,72.405495
95.5,85.187164
97.0,82.15689
98.5,88.54046
23.5,22.727222
15.0,16.384842
86.5,77.926796
68.0,64.192566
69.0,63.78768
70.5,79.51308
25.5,26.879282
79.5,82.04038
69.5,73.416756
91.5,84.80197
87.5,84.40217
26.5,28.071405
