Actual,Predictions
1.5,2.6898193
88.5,88.29547
35.0,34.389114
55.0,52.837677
26.5,28.309086
90.5,76.1328
20.0,21.747423
58.0,57.626343
62.0,67.32151
37.5,41.77461
56.5,52.810165
60.0,65.234566
90.0,72.96966
0.5,2.3633003
67.5,80.00541
54.0,81.865486
53.0,55.153507
16.0,17.005383
32.5,30.566898
