Actual,Predictions
56.5,51.888763
51.5,55.786133
79.5,79.91891
24.500000000000004,26.662603
9.0,10.202385
70.0,66.674675
85.5,83.898056
14.0,16.822079
25.000000000000004,23.984785
28.5,67.94433
78.5,76.410614
11.5,13.649876
13.0,17.259792
94.5,83.55145
1.0,3.0280151
87.0,78.77081
71.0,69.21545
46.0,50.74473
57.5,61.924812
