Actual,Predictions
46.5,45.41161
26.5,27.593792
85.0,91.260735
78.5,76.32707
59.5,71.98193
74.0,82.541306
88.0,77.84007
96.0,101.86183
50.0,53.270725
28.0,29.463797
6.0,6.916088
39.0,105.19904
55.0,51.296116
35.5,104.839874
62.0,64.779076
53.0,58.800884
69.5,71.68932
87.5,87.83093
52.5,57.410137
