Actual,Predictions
83.0,91.04791
21.0,23.276182
53.0,59.794315
91.0,84.591934
89.5,82.92292
46.5,47.006878
42.5,40.9198
68.5,80.864914
42.0,43.3805
26.0,28.045622
74.0,85.96027
47.5,48.84944
71.5,71.73387
5.5,7.13097
43.5,45.41534
73.5,76.73019
99.5,95.27469
41.5,41.569427
56.0,62.994205
