Actual,Predictions
57.0,55.423744
5.5,6.486397
26.0,31.78843
49.5,48.81951
31.5,32.512985
32.0,32.36017
54.0,40.954163
88.0,75.33363
38.0,35.438793
94.5,84.4755
87.5,82.84316
9.0,9.33456
62.0,63.776627
8.5,8.828785
47.5,50.163628
6.5,7.1528816
99.5,96.966736
21.0,22.60056
11.0,10.23457
