Actual,Predictions
74.0,67.42297
85.0,82.38998
72.0,67.54276
81.0,50.376987
87.0,65.73067
5.0,3.5789032
53.5,47.986504
73.0,66.5922
59.5,69.7746
70.0,60.963295
98.0,81.31854
84.5,86.69239
11.5,11.0955925
7.0,5.5289154
80.0,62.524788
93.0,87.99045
46.0,52.037067
76.5,79.458855
51.0,54.54513
