Actual,Predictions
21.0,21.049461
13.0,15.123043
63.5,70.471085
79.5,82.01247
2.5,2.1307678
36.5,38.383183
50.5,50.052353
99.5,95.92584
55.0,53.954857
47.5,54.788048
74.0,81.80804
65.5,69.89016
36.0,30.708622
29.5,29.49373
1.0,2.0211372
75.5,84.07128
28.5,35.951748
41.5,38.94814
10.5,9.356731
