Actual,Predictions
39.5,38.482613
8.5,8.798729
95.0,88.71178
29.5,28.944805
36.0,40.863144
60.5,68.17388
100.0,84.34051
84.5,79.96468
1.0,2.4862442
68.0,82.68866
88.5,88.423225
75.5,94.44017
96.0,94.70783
36.5,37.102592
31.0,34.177086
7.0,9.028229
18.0,22.970833
67.0,82.65862
85.5,66.165985
