Actual,Predictions
85.5,65.812706
25.5,26.466942
45.0,43.237576
99.5,91.85718
88.0,75.711426
15.0,16.794529
48.0,44.4003
78.0,83.00224
3.0,2.6730118
3.5,2.6122131
74.5,59.771507
84.0,2.6917343
40.5,33.735947
4.0,2.777214
57.5,59.93551
46.5,45.657078
69.5,68.82583
72.5,71.24009
84.5,77.1884
