Actual,Predictions
32.0,28.860567
48.0,44.89707
48.5,46.809372
62.0,64.08629
51.5,54.416943
95.5,85.880646
98.0,85.26082
74.5,64.24459
14.0,15.724831
45.5,46.35673
85.5,73.0286
25.0,23.693386
13.0,15.041374
16.0,17.387295
21.0,22.020535
60.5,59.466522
30.0,29.020405
88.0,78.56056
96.0,95.64284
