Actual,Predictions
89.0,83.19472
11.5,10.843807
64.5,93.85263
58.5,54.306896
88.5,95.91405
63.0,53.8288
36.0,35.009872
70.0,63.369408
51.0,55.47975
45.5,46.293804
67.0,70.59445
25.5,26.999699
59.5,71.82452
2.5,1.9921455
43.0,42.223305
90.0,72.96382
97.0,93.36975
88.0,74.16835
43.5,42.389988
