Actual,Predictions
87.5,89.862976
45.0,44.780113
97.5,94.158844
57.5,61.15974
6.0,6.403816
41.5,39.71879
11.0,12.228218
29.0,28.92516
91.5,88.35558
73.0,71.47516
6.5,8.33556
43.5,43.098995
16.0,17.000263
28.0,26.107447
44.0,43.577995
66.5,67.611824
56.0,55.322704
52.0,48.932095
67.5,76.308876
