Actual,Predictions
96.5,92.87647
37.0,36.266426
35.0,24.552534
64.0,55.84297
85.5,58.760773
6.5,6.131832
82.5,70.08904
1.5,2.4888077
54.0,38.632477
66.0,59.591576
43.0,43.854305
20.5,20.155842
77.0,76.12004
33.0,36.009487
45.5,44.7755
86.0,93.02572
81.0,39.364952
74.5,61.213966
11.5,10.260521
