Actual,Predictions
98.0,91.7095
83.0,84.845955
64.5,64.46432
90.0,79.242004
66.5,73.93609
24.0,21.867214
39.5,33.5805
23.5,23.857777
69.0,65.80823
51.0,55.270233
93.5,87.76587
65.5,72.65685
40.0,44.01302
84.0,27.876446
99.5,92.50699
57.0,56.59931
42.0,46.120033
35.5,42.21521
37.5,35.752495
