Actual,Predictions
45.5,47.993744
85.5,83.51018
57.0,55.501144
13.0,14.715618
19.999999999999996,20.54951
98.5,91.2798
29.0,29.099691
6.0,5.7693253
33.5,38.3639
49.0,48.31835
96.5,91.667244
73.0,70.71224
84.0,84.91431
81.5,81.98561
31.5,30.225538
55.0,50.732456
70.5,77.92099
100.0,96.168434
69.5,70.7651
