Actual,Predictions
100.0,96.40256
86.0,87.672134
25.0,24.14666
73.0,75.428055
54.5,51.4103
31.0,35.63672
44.0,39.386585
88.0,80.04704
46.5,47.76849
1.0,2.3261642
3.5,3.406601
52.5,44.346905
11.5,10.686989
9.5,8.585987
76.0,80.3157
77.0,73.74522
63.0,56.348137
60.5,54.277706
89.0,84.698105
