Actual,Predictions
21.0,22.021168
75.5,85.95454
10.5,8.499458
2.0,2.5390549
32.0,32.23719
90.5,92.45097
4.5,3.8722343
55.0,50.80524
27.0,25.711779
70.5,76.222946
57.0,52.951237
64.0,62.586452
36.5,35.566307
33.0,35.219894
53.0,54.19258
61.5,30.746809
37.0,37.637558
71.5,66.67304
62.0,61.631588
