Actual,Predictions
78.0,84.367584
65.5,72.65821
69.0,68.774956
63.5,72.01153
69.5,66.99159
55.0,50.905167
99.5,95.61134
46.5,45.97251
6.0,5.374504
88.5,91.7043
58.0,55.244286
30.5,29.794785
21.0,21.46363
37.5,37.64273
74.0,92.98262
5.0,4.8257523
39.0,58.68605
5.5,5.2235565
81.0,50.403385
