Actual,Predictions
86.0,85.72015
26.5,27.667524
56.0,55.603764
74.0,88.68968
65.0,69.036446
95.5,94.81022
12.5,12.649006
7.0,7.07901
34.0,36.58221
77.5,78.09659
13.0,16.255192
32.5,35.236366
62.5,60.888203
75.5,86.16766
47.0,45.31983
94.0,93.465454
12.0,11.070396
56.5,52.413906
79.0,86.23364
