Actual,Predictions
29.5,26.652496
61.0,45.236336
24.0,19.048878
86.5,87.34947
50.0,48.2796
94.5,93.0476
63.0,54.109634
81.0,61.90538
76.5,77.5618
72.5,71.298065
20.0,17.242294
11.5,9.617168
54.5,50.61597
90.0,69.52724
85.0,83.87488
92.5,83.515144
34.0,30.210333
69.5,65.43826
39.0,52.99962
