Actual,Predictions
47.5,50.687756
91.5,101.32485
29.5,30.579432
36.0,39.22709
100.0,84.55919
45.5,48.711517
11.5,12.739773
88.5,64.082634
76.5,83.620735
64.0,67.15988
56.0,63.69828
11.0,10.968266
65.0,69.42289
95.5,85.54253
50.0,56.39188
94.5,85.67415
75.0,82.22876
84.0,84.37642
25.0,24.962502
