Actual,Predictions
63.0,59.131435
2.5,4.334881
99.0,92.7704
24.5,24.670511
8.5,9.787506
84.5,66.76935
44.0,43.181873
33.5,34.475327
41.0,37.172955
74.5,65.884094
88.5,91.160675
45.5,46.187347
36.0,37.425537
91.0,66.61164
0.5,3.5692177
42.0,45.550625
65.5,67.34381
79.0,91.0778
97.5,90.6575
