Actual,Predictions
2.0,5.0200233
0.5,4.3051376
70.5,79.251144
4.0,5.7975655
85.0,84.0636
83.5,85.071304
11.0,9.174572
20.499999999999996,21.679726
6.5,6.651581
27.0,27.399132
61.0,61.995354
86.0,77.86625
31.5,30.683014
71.0,73.81254
98.0,93.386765
4.5,5.0018845
51.5,53.690266
66.5,68.01209
46.5,46.3375
