Actual,Predictions
95.0,76.29744
49.0,47.930103
6.5,5.9731026
48.5,50.71082
92.5,82.88116
48.0,47.707455
98.5,84.33043
53.0,62.144432
35.0,53.900497
99.0,84.9746
46.5,48.93354
12.5,12.477726
68.5,79.30227
4.0,2.638836
15.0,18.34282
11.0,9.431263
52.0,55.292522
45.0,47.067432
2.5,2.1870613
