Actual,Predictions
3.0,2.8343353
25.999999999999996,28.084435
64.0,61.527126
37.0,40.670994
15.0,15.575752
46.0,51.550163
51.0,59.7944
39.5,36.488144
34.0,31.967007
66.5,73.86063
6.0,5.4376335
30.0,32.954765
45.5,45.047787
8.5,9.644257
83.5,88.29404
67.0,75.704605
71.0,73.89167
72.5,76.55887
0.5,2.8862
