Actual,Predictions
12.5,11.186817
18.0,18.861248
48.5,49.638485
74.0,88.52954
78.5,84.03715
8.0,8.060974
54.0,98.41599
11.5,11.463226
82.0,85.46187
92.5,89.20093
99.0,92.15486
76.0,81.83631
79.0,89.94527
1.5,2.1683388
65.5,79.887695
45.0,45.01513
29.5,30.688387
75.5,91.78122
66.0,75.88933
