Actual,Predictions
99.5,98.542046
54.0,48.32117
87.0,90.831696
46.5,46.704594
56.0,58.183956
41.5,40.553017
59.0,64.88551
11.5,10.788792
26.5,27.31433
65.0,74.5963
65.5,73.76874
39.5,37.852547
58.0,59.51683
11.0,10.104252
92.0,98.043106
53.0,57.442974
60.5,68.5693
57.0,59.53416
78.5,79.36889
