Actual,Predictions
34.5,33.014954
30.0,31.490458
4.0,3.9052048
3.0,3.3881302
42.5,39.401634
9.0,8.973179
81.0,56.51783
88.5,86.87095
69.5,66.594986
28.0,28.472485
69.0,59.50204
74.0,75.71911
77.0,74.56511
56.0,60.625164
95.5,90.75624
26.5,27.699165
12.5,12.384979
53.5,51.364662
56.5,59.874367
