Actual,Predictions
87.0,85.83639
85.5,74.85437
41.5,39.753902
81.0,84.30202
42.0,39.434517
94.5,86.03511
61.5,38.26628
88.5,87.12631
77.0,74.411
46.0,50.88936
37.0,39.402058
52.5,56.23366
39.5,35.023163
78.0,81.47442
71.5,68.10539
98.5,88.79547
92.0,87.54712
8.0,8.004532
73.0,71.05348
