Actual,Predictions
50.0,53.971786
3.0,1.1218071
35.0,44.66704
60.5,68.52986
52.0,52.842873
64.5,63.02146
80.0,77.86034
46.0,49.459415
54.0,91.29172
5.5,6.84869
70.5,73.8128
81.5,79.6145
71.0,71.34595
36.5,35.84867
32.0,31.58421
87.0,88.128784
29.5,31.139435
7.5,8.207958
68.5,77.20545
