Actual,Predictions
9.5,9.185204
16.0,19.037933
25.5,26.04495
29.5,27.996363
89.0,73.29905
80.0,69.62207
43.0,42.594383
60.0,62.558495
51.0,56.993286
89.5,70.84706
49.5,45.094276
64.0,64.34657
47.0,36.335793
81.5,77.72513
2.0,2.44458
10.5,10.150879
44.5,46.290813
55.5,54.110683
41.0,35.3899
