Actual,Predictions
54.5,55.606102
72.0,64.33487
77.5,68.249405
92.0,94.398605
80.5,69.98394
42.5,38.749054
94.0,89.42473
4.5,2.1148453
84.0,85.68187
55.5,52.437473
54.0,80.578674
48.0,43.328537
68.0,65.51076
53.5,50.91658
4.0,2.4681168
96.0,85.98268
43.5,43.308296
64.5,61.433678
79.5,79.17497
