Actual,Predictions
72.5,77.05826
28.5,36.55931
51.5,54.539925
60.0,64.37512
54.0,96.23428
62.5,72.57118
55.0,51.73603
80.5,90.88646
7.0,6.2989426
54.5,53.140617
42.5,39.976196
53.5,45.52006
8.5,8.496593
69.5,76.903435
41.0,38.454002
65.0,69.31831
13.0,13.261723
55.5,57.579185
39.5,36.10371
