Actual,Predictions
6.0,5.634926
58.0,56.299038
23.5,24.926262
65.5,71.13069
31.5,31.27288
27.0,24.035833
34.5,33.74559
66.5,68.46483
87.5,86.15274
32.5,42.57937
78.0,78.12996
53.0,55.73791
92.0,95.68315
87.0,94.826584
71.0,67.33299
10.5,10.199162
33.5,35.740784
53.5,48.326633
61.5,41.752205
