Actual,Predictions
46.0,51.95714
30.0,30.65975
96.5,93.19106
62.5,64.29052
48.5,48.925976
9.0,9.419365
61.5,34.205612
60.0,65.891594
71.0,69.73525
36.0,36.442142
41.5,42.330795
34.0,33.078506
97.0,91.03761
32.5,27.098782
71.5,70.98615
57.0,53.424084
78.5,79.67022
0.5,3.9693336
59.0,62.512516
