Actual,Predictions
88.0,78.09265
86.0,91.31697
89.5,76.00127
35.0,41.71617
77.0,71.08458
27.0,24.061922
92.5,89.1013
51.0,56.599045
82.5,73.4193
56.5,53.468437
11.5,11.697151
73.5,71.74321
64.5,53.92358
96.0,101.253784
42.0,92.48851
65.5,69.0365
96.5,95.61647
45.5,42.643387
60.0,63.221237
