Actual,Predictions
2.5,2.6459885
15.0,16.313011
34.5,34.566154
28.5,42.146076
94.5,91.62457
84.5,83.1654
36.5,38.328453
91.0,75.17842
25.5,28.564259
63.0,56.502457
32.0,33.38734
49.0,48.885944
9.5,7.226059
72.0,65.41827
98.0,89.16377
76.0,86.58354
99.5,92.08473
81.5,85.0357
26.0,25.08051
