Actual,Predictions
83.5,89.371376
14.0,14.459251
85.0,83.4384
79.5,82.910095
69.0,65.968864
65.0,74.796844
99.0,89.34591
95.0,76.75122
89.0,83.40694
6.5,6.0754166
60.0,62.53356
54.5,53.78386
62.5,68.24693
32.0,28.729816
82.5,77.48174
68.0,65.608154
7.0,6.1709137
2.0,2.0732384
61.5,37.27199
