Actual,Predictions
87.0,81.93353
34.0,28.549887
54.0,53.197803
0.5,2.5571594
13.0,16.686886
15.0,14.643486
60.0,62.819885
76.5,86.0483
12.0,11.119484
70.0,66.9551
98.5,87.8376
61.5,88.6991
95.0,74.123245
29.0,25.96663
77.5,81.00535
55.0,53.725864
46.5,48.097157
47.5,49.775238
12.5,12.225647
