Actual,Predictions
1.0,3.0879478
9.5,9.932835
20.0,19.875668
97.5,92.386284
1.5,3.1858368
29.5,32.24991
65.5,76.84129
52.5,50.020462
67.0,80.1639
40.0,44.694103
95.5,90.334175
70.5,84.49505
12.0,11.727089
49.0,51.009346
58.0,56.809048
79.5,86.237686
54.0,45.987003
69.5,77.28164
68.0,73.10289
