Actual,Predictions
57.5,59.15904
58.5,63.748684
8.5,7.279438
81.0,86.720695
46.0,47.040794
34.5,30.673412
79.0,85.34094
20.5,20.791569
82.5,69.56352
2.5,2.0895424
49.0,48.66448
86.0,78.18968
13.0,15.686531
9.0,7.9025764
41.0,36.115986
97.0,85.32455
85.0,85.83288
26.000000000000004,26.860214
31.0,33.234253
