Actual,Predictions
39.0,50.99922
96.0,93.228195
93.5,82.559975
53.5,46.3726
88.0,76.81487
59.5,71.370895
87.0,79.671196
71.5,66.62364
65.5,71.699356
40.5,34.240364
33.5,38.013885
14.0,14.831497
20.0,18.821632
67.0,73.01077
79.5,76.056206
6.5,6.7430534
47.0,38.957718
33.0,43.350994
37.5,42.342144
