Actual,Predictions
15.0,17.145794
56.5,54.601162
94.0,91.45054
96.5,91.217865
18.0,20.579887
72.0,61.017147
1.5,1.8823204
88.0,77.77611
40.5,37.300873
54.5,55.91422
11.0,10.041721
53.0,59.24591
98.0,92.147766
31.0,29.5261
73.0,78.535645
42.0,46.86097
11.5,11.605652
82.5,82.17788
4.5,2.538227
