Actual,Predictions
12.0,10.179253
41.0,38.447704
50.5,46.83446
61.5,39.62184
5.0,5.603874
69.0,61.164135
76.0,79.3418
18.0,19.971245
37.0,40.7319
65.5,69.82061
6.0,6.139614
86.5,83.67173
0.5,3.445572
81.5,87.83516
29.5,28.87584
68.0,64.68307
3.0,3.525608
41.5,39.086903
38.0,35.512093
