Actual,Predictions
44.5,50.196983
95.0,68.6495
79.0,85.0239
9.0,8.180908
31.5,28.907665
10.5,8.883564
82.0,75.15204
6.0,5.391823
60.5,54.99002
93.0,87.17615
86.0,78.046326
40.5,30.102882
12.0,10.116402
52.5,41.897316
95.5,81.56584
30.5,29.710321
35.5,47.014336
85.0,58.890724
93.5,80.82358
