Actual,Predictions
83.0,81.474144
46.0,61.002953
60.5,63.451378
50.0,52.939598
76.0,80.311424
87.5,83.39105
84.0,88.27808
16.0,17.751385
60.0,62.65278
37.5,35.76815
63.5,76.42026
61.0,56.284515
91.5,80.38455
100.0,82.39574
97.5,82.19066
24.5,24.648268
88.0,79.85011
69.5,79.21998
86.5,81.61496
