Actual,Predictions
89.0,80.83327
92.5,88.03299
72.5,75.38459
81.5,80.6876
83.0,94.55626
57.0,52.83435
31.5,29.862286
29.0,29.380201
74.5,66.63409
25.0,26.416407
67.0,79.08271
14.0,14.217056
78.0,78.471176
34.0,35.444283
56.5,53.254982
97.0,87.40483
77.5,77.2304
2.0,2.189808
33.5,35.26361
