Actual,Predictions
5.5,5.621063
32.0,32.727287
20.0,21.333836
53.5,48.62142
30.5,33.02646
40.0,43.31205
20.5,22.828878
82.0,84.911064
92.5,85.79899
80.5,95.78854
29.5,34.572365
79.0,94.64122
71.0,68.877846
69.0,65.30096
83.5,95.285416
93.5,93.993774
7.5,7.603882
59.5,77.12213
70.0,65.894325
