Actual,Predictions
76.5,74.84607
46.0,50.071976
29.0,27.870779
26.5,30.459482
78.5,80.84765
67.0,72.863815
39.0,81.52942
5.5,6.712124
15.0,17.195103
45.5,44.60797
51.0,52.851727
70.5,82.618256
53.5,48.447323
36.5,34.725403
87.0,70.02402
92.5,89.00436
64.5,90.66429
3.5,4.2773094
73.5,68.50895
