Actual,Predictions
63.0,46.977795
56.0,56.93131
38.0,35.577385
92.5,81.08487
72.0,63.369087
24.5,26.634447
94.5,82.77508
82.0,72.12719
89.5,72.288574
44.0,38.299232
52.0,50.17479
87.5,85.14509
85.0,82.44631
40.5,33.426735
25.0,24.911026
41.0,37.849865
95.5,79.28511
46.0,45.48942
69.5,71.208855
