Actual,Predictions
59.5,80.34815
78.5,87.88612
85.5,61.096565
63.5,75.82735
34.5,34.72161
76.5,87.870636
80.5,93.092804
61.0,46.789436
89.5,89.27603
99.5,94.754074
46.0,45.66075
29.5,30.824148
64.5,56.91439
56.5,62.953606
32.5,81.91816
36.5,37.75487
87.0,90.36206
14.0,14.905746
77.0,79.38105
