Actual,Predictions
85.5,70.10726
11.5,11.59774
20.5,19.742714
68.5,78.6259
97.0,84.319305
48.5,49.96205
46.0,53.86852
27.0,26.890291
91.5,85.65443
7.5,8.203377
50.0,53.79089
8.0,8.411713
87.5,85.38707
54.5,54.046265
70.5,79.84023
23.999999999999996,21.045193
26.0,24.800299
25.0,25.35534
74.5,66.746185
