Actual,Predictions
45.5,45.703037
58.5,57.452904
46.0,49.12867
59.5,73.093666
56.0,56.61001
3.5,3.1272545
99.0,81.92097
92.5,82.2935
39.5,33.612823
12.5,11.420418
37.0,42.079224
97.0,82.91101
68.0,69.64525
93.0,93.620636
6.0,5.604233
27.0,28.311361
38.5,39.48908
29.0,31.367207
79.5,82.348526
