Actual,Predictions
36.0,35.65308
62.0,65.624115
35.0,40.176422
4.5,3.96138
68.0,64.59379
74.0,88.293396
69.0,64.115685
7.0,7.730053
50.0,54.864594
81.0,54.008034
13.0,14.416557
91.0,95.14987
28.0,26.893353
96.0,99.784424
78.5,84.189865
89.0,85.61409
60.0,60.569386
86.0,89.93628
46.5,46.534615
