Actual,Predictions
98.5,84.68198
95.0,78.70285
86.0,85.42534
27.0,25.515892
70.0,68.82858
63.5,75.75581
29.0,27.789083
54.0,43.1583
12.5,12.024593
28.0,26.497185
55.5,56.688507
83.0,85.215
68.5,84.59196
44.5,44.26804
66.5,79.870735
42.0,38.009113
34.5,32.33866
91.5,83.23367
30.5,29.812492
