Actual,Predictions
4.5,3.778946
45.0,44.170113
95.0,84.17154
98.5,90.29103
2.0,2.412384
47.5,49.91995
85.5,86.82282
46.5,47.054676
76.5,82.60001
26.0,25.49661
69.0,68.479355
66.0,73.89949
30.0,27.764748
24.5,26.208397
27.0,26.489086
41.5,39.90003
70.0,70.66848
50.0,52.605007
80.5,86.57666
