Actual,Predictions
88.5,90.793076
71.0,72.41057
40.0,46.50999
65.5,72.7959
29.0,29.140858
76.5,85.85957
67.0,77.70039
6.0,5.3956833
33.0,36.218414
55.0,50.441284
20.500000000000004,21.333378
89.5,82.52174
73.0,77.57339
25.0,23.65665
100.0,96.076904
60.0,61.45063
77.5,82.933876
44.0,45.076084
95.5,95.05357
