Actual,Predictions
34.0,35.129623
58.0,56.07359
20.5,21.305851
44.0,43.353683
75.5,87.05035
93.5,95.63547
89.0,87.61066
38.5,39.995396
24.5,25.874285
80.0,75.66025
6.0,6.10334
77.5,77.978836
71.0,65.3836
73.5,74.53218
88.0,81.17124
83.0,83.201454
39.5,42.366932
81.0,52.61
54.5,54.30415
