Actual,Predictions
88.5,91.59819
92.0,93.44209
75.5,83.11008
42.5,41.41729
46.5,45.20147
58.0,52.731308
61.5,37.07796
29.5,30.285994
97.5,90.27696
70.0,64.570915
40.0,45.112236
50.5,49.746162
56.0,56.044434
77.5,77.6504
100.0,78.85149
35.0,41.829536
88.0,77.04098
79.0,85.640625
77.0,70.610054
