Actual,Predictions
75.5,88.62898
18.0,19.113247
48.0,46.731422
2.0,2.639553
8.0,8.592598
3.0,3.0161133
16.0,15.728649
57.5,55.854214
71.5,77.18867
55.5,57.06127
53.5,45.84025
33.5,34.968777
9.0,9.468395
79.5,88.15683
82.0,88.69192
87.0,89.66499
31.0,32.016327
88.0,83.17961
25.499999999999996,25.746044
