Actual,Predictions
16.0,15.540916
47.5,49.443188
37.0,42.01799
87.0,92.80085
93.5,85.27517
13.0,14.5592
51.0,56.55016
66.5,70.34994
4.0,3.614193
51.5,53.849037
39.0,42.191166
62.5,75.890335
92.0,95.41963
53.0,64.99656
42.5,40.943016
1.5,3.6184998
59.0,62.576065
60.0,63.613564
33.0,40.11944
