Actual,Predictions
85.0,85.38153
34.0,37.106945
50.0,56.08219
52.5,59.82419
66.0,64.66647
38.5,40.397957
55.0,54.366184
30.5,32.514263
89.0,80.35014
3.0,3.6963196
30.0,32.18267
80.0,79.048035
72.0,65.32671
69.0,65.282555
65.0,67.022606
70.5,75.164246
13.0,16.014435
86.0,86.77725
99.5,95.592476
