Actual,Predictions
6.5,5.9244385
77.5,71.44721
43.0,43.924583
52.5,49.96759
99.5,93.37094
44.0,40.66435
82.5,66.40747
85.0,78.471886
93.5,84.08067
99.0,95.10434
57.0,51.89184
97.0,88.8304
45.0,43.5568
35.5,57.41077
45.5,43.371284
38.5,37.979404
88.0,81.71712
62.0,62.280666
63.0,63.08653
