Actual,Predictions
80.5,80.600845
66.5,66.04666
24.5,26.132742
41.5,39.677258
95.5,87.394226
1.5,1.869133
73.5,69.57827
36.5,38.16058
76.0,68.29582
10.0,9.677025
59.0,65.16419
58.5,67.14924
50.5,50.369274
15.0,15.961544
7.5,7.911602
98.0,90.328064
12.0,11.389584
33.0,41.230026
75.5,80.639145
